id,poule_id,name,created_at,deleted_at,
1,1,Ajax,2017-04-13 09:42:45,NULL
2,1,PSV,2017-04-13 09:42:45,NULL
23,1,Tomasz,2017-05-09 16:32:20,NULL
24,1,Tomaszs,2017-05-09 16:32:55,NULL
25,1,dwadwad,2017-05-09 16:34:35,NULL
27,1,dawdwadwadwadawd,2017-05-09 16:35:00,NULL
29,1,dawdawdaw,2017-05-09 16:36:14,NULL
31,1,Tomaszawdwa,2017-05-09 16:38:01,NULL
32,1,Tomaszawdwadwa,2017-05-09 16:39:12,NULL
34,1,dawdawdawd,2017-05-09 16:39:48,NULL
35,1,dwadwadwadwadawdwa,2017-05-09 16:40:16,NULL
36,1,TomaszT,2017-05-09 16:40:50,NULL
37,1,Tomasztt,2017-05-09 16:44:04,NULL
39,1,Tomasztttt,2017-05-09 16:45:25,NULL
40,1,32424243,2017-05-12 09:57:15,NULL
